RMSE,MAE,hidden_dim,lr,dropout,wd
0.8842296600341797,0.7372,128,0.004522085151572059,0.2931876371842046,1.06568992662591e-06
