P@10,R@10,nDCG@10,nDCGf@10,Coverage
0.25666143959659315,0.7710850782523138,0.5380611966915722,0.9041881868216339,0.13376996158188395
