Diversity,Novelty
0.7701485225840176,9.429762798634812